Date;Return_SP_500
02.12.2014;0.0063844086021505
03.12.2014;0.00376472865403676
04.12.2014;-0.00116182092531081
05.12.2014;0.00166512220549042
08.12.2014;-0.00725653738851384
09.12.2014;-0.000237828287976027
10.12.2014;-0.0163509432863066
11.12.2014;0.00453571816360165
12.12.2014;-0.0162135869858941
15.12.2014;-0.00634261085834997
16.12.2014;-0.008489015545604
17.12.2014;0.0203524032563847
18.12.2014;0.0240152218948875
19.12.2014;0.00457008679283732
22.12.2014;0.00381039770120495
23.12.2014;0.00174641815889998
24.12.2014;-0.000139277772708279
26.12.2014;0.0033095087132784
29.12.2014;0.000861751174136005
30.12.2014;-0.00488861889341197
31.12.2014;-0.0103107650155021
02.01.2015;-0.000339987371897776
05.01.2015;-0.0182781070838597
06.01.2015;-0.00889348602876405
07.01.2015;0.0116298230808796
08.01.2015;0.0178883459203316
09.01.2015;-0.00840389110341677
12.01.2015;-0.00809366151378366
13.01.2015;-0.00257856487827002
14.01.2015;-0.00581306258434133
15.01.2015;-0.00924788815027322
16.01.2015;0.0134241996918707
20.01.2015;0.00154994998563929
21.01.2015;0.00473165063904468
22.01.2015;0.0152697675334135
23.01.2015;-0.00549160264643866
26.01.2015;0.00256845142361417
27.01.2015;-0.0133878439932138
28.01.2015;-0.0134956024734546
29.01.2015;0.00953470252127708
30.01.2015;-0.0129919604205319
02.02.2015;0.0129624709898295
03.02.2015;0.0144394685404658
04.02.2015;-0.00415603674092579
05.02.2015;0.0102914019524762
06.02.2015;-0.00341814867249779
09.02.2015;-0.00424720380253651
10.02.2015;0.0106755132552254
11.02.2015;-0.0000290052644554839
12.02.2015;0.00964453017360145
13.02.2015;0.00407473377767542
17.02.2015;0.00159752788520717
18.02.2015;-0.00031423483816917
19.02.2015;-0.00106206660062491
20.02.2015;0.00612648692459916
23.02.2015;-0.000303274415960009
24.02.2015;0.00275873837490415
25.02.2015;-0.000765783651937135
26.02.2015;-0.00147597286480672
27.02.2015;-0.00295630916171574
02.03.2015;0.00612497030173431
03.03.2015;-0.00453860649195459
04.03.2015;-0.0043885035440131
05.03.2015;0.00119607534798161
06.03.2015;-0.0141739329094162
09.03.2015;0.00394445892838147
10.03.2015;-0.0169613788393934
11.03.2015;-0.00191765810895428
12.03.2015;0.0126014586519232
13.03.2015;-0.00607468718991255
16.03.2015;0.0135336515048212
17.03.2015;-0.00332021583805409
18.03.2015;0.0121584356981699
19.03.2015;-0.00487258871159801
20.03.2015;0.00901271736060916
23.03.2015;-0.00174564773967067
24.03.2015;-0.00613945885327072
25.03.2015;-0.0145589289983264
26.03.2015;-0.00237742898037407
27.03.2015;0.00236850424336743
30.03.2015;0.0122366595181025
31.03.2015;-0.00879572820001528
01.04.2015;-0.00396539467766654
02.04.2015;0.0035296573756245
06.04.2015;0.00660873940472961
07.04.2015;-0.00206188539954433
08.04.2015;0.00268261788829327
09.04.2015;0.00445746673711511
10.04.2015;0.00520280415841778
13.04.2015;-0.00458122032672714
14.04.2015;0.00162968414714015
15.04.2015;0.00514829376288262
16.04.2015;-0.000778494562405529
17.04.2015;-0.0113112176304875
20.04.2015;0.00923514544633353
21.04.2015;-0.00148067034850508
22.04.2015;0.00508751770141469
23.04.2015;0.00235772974819248
24.04.2015;0.00225279588060201
27.04.2015;-0.00414130491242815
28.04.2015;0.00276918991711406
29.04.2015;-0.00374037715863751
30.04.2015;-0.0101288653677289
01.05.2015;0.0109229876624901
04.05.2015;0.00294077190519326
05.05.2015;-0.0118373697676507
06.05.2015;-0.00445569668718226
07.05.2015;0.00377376631492909
08.05.2015;0.0134578544061301
11.05.2015;-0.00508955153348145
12.05.2015;-0.00294965634841093
13.05.2015;-0.000304889668051311
14.05.2015;0.0107792306812549
15.05.2015;0.00076846919051432
18.05.2015;0.00304796182274703
19.05.2015;-0.000643434153672739
20.05.2015;-0.000930525464910237
21.05.2015;0.00233788837406235
22.05.2015;-0.00223388179198625
26.05.2015;-0.0102819299549401
27.05.2015;0.00916262712669913
28.05.2015;-0.00126678847928874
29.05.2015;-0.00631840021878649
01.06.2015;0.00205941947147892
02.06.2015;-0.00100865167421982
03.06.2015;0.00211888509670088
04.06.2015;-0.00862317709441973
05.06.2015;-0.00143617833422405
08.06.2015;-0.00647448669982742
09.06.2015;0.000418414066407635
10.06.2015;0.0120424007884046
11.06.2015;0.00173855215656493
12.06.2015;-0.00699430023804326
15.06.2015;-0.00462248878998728
16.06.2015;0.00568980488670778
17.06.2015;0.0019796879248577
18.06.2015;0.00990268705604525
19.06.2015;-0.00530350172540595
22.06.2015;0.00609481561523983
23.06.2015;0.000635937536801912
24.06.2015;-0.00735335655776292
25.06.2015;-0.00297356514810909
26.06.2015;-0.000390047138623784
29.06.2015;-0.0208661473525926
30.06.2015;0.00265838533465534
01.07.2015;0.00693613040506813
02.07.2015;-0.000308074438486128
06.07.2015;-0.00386174751297685
07.07.2015;0.00608093737311233
08.07.2015;-0.0166527333352552
09.07.2015;0.00226220024625245
10.07.2015;0.012338456888525
13.07.2015;0.0110660592693896
14.07.2015;0.00445322918651159
15.07.2015;-0.000734962896227875
16.07.2015;0.00801461516560686
17.07.2015;0.00110625197124681
20.07.2015;0.000771169544445893
21.07.2015;-0.00426165730073114
22.07.2015;-0.0023876822023301
23.07.2015;-0.00567604001608213
24.07.2015;-0.0107033275456081
27.07.2015;-0.00577501021806559
28.07.2015;0.012386102029367
29.07.2015;0.00731876268959764
30.07.2015;0.0000284553038314428
31.07.2015;-0.00227161711632673
03.08.2015;-0.00275686363982064
04.08.2015;-0.00224971878515179
05.08.2015;0.00311466952018802
06.08.2015;-0.00775297165498334
07.08.2015;-0.00287488721227125
10.08.2015;0.012808232694927
11.08.2015;-0.00955716716250499
12.08.2015;0.000950064057349431
13.08.2015;-0.00127513722106387
14.08.2015;0.00391189359649413
17.08.2015;0.00521147097354113
18.08.2015;-0.00262552082342415
19.08.2015;-0.0082549644240123
20.08.2015;-0.0211001101168008
21.08.2015;-0.0318509822029444
24.08.2015;-0.0394136659072805
25.08.2015;-0.0135220075955653
26.08.2015;0.0390338453959875
27.08.2015;0.024297736162143
28.08.2015;0.000608756024672141
31.08.2015;-0.00839169980943943
01.09.2015;-0.0295764078329565
02.09.2015;0.0182929696684693
03.09.2015;0.00116478351446503
04.09.2015;-0.015329578244402
08.09.2015;0.0250830201642707
09.09.2015;-0.0138975632295968
10.09.2015;0.00527795513995599
11.09.2015;0.00448703829861352
14.09.2015;-0.00408964585298688
15.09.2015;0.0128313441165777
16.09.2015;0.00870536729875782
17.09.2015;-0.00256100555803351
18.09.2015;-0.0161642046025525
21.09.2015;0.00456581359836172
22.09.2015;-0.0123184390204223
23.09.2015;-0.00204865293348566
24.09.2015;-0.00336297427221521
25.09.2015;-0.000465780648366665
28.09.2015;-0.0256661178249298
29.09.2015;0.0012328818080849
30.09.2015;0.0190755218699743
01.10.2015;0.00197392749071623
02.10.2015;0.0143152685802206
05.10.2015;0.0182898081338143
06.10.2015;-0.00358823381394524
07.10.2015;0.00803567820922058
08.10.2015;0.00881838633550958
09.10.2015;0.000725130747033731
12.10.2015;0.00127550387366049
13.10.2015;-0.00682541413460491
14.10.2015;-0.0047162984293978
15.10.2015;0.0148527759948651
16.10.2015;0.0045704742422894
19.10.2015;0.000270521516297695
20.10.2015;-0.00142108317024481
21.10.2015;-0.00582537658129667
22.10.2015;0.0166275372225029
23.10.2015;0.0110303969286385
26.10.2015;-0.0019131147145991
27.10.2015;-0.00255409959539976
28.10.2015;0.011839933394324
29.10.2015;-0.000449685459372851
30.10.2015;-0.00480997027869101
02.11.2015;0.0118738457987073
03.11.2015;0.00272807205151948
04.11.2015;-0.00354537655406462
05.11.2015;-0.00113208803649323
06.11.2015;-0.00034763063530685
09.11.2015;-0.00982278963414629
10.11.2015;0.00151064669149115
11.11.2015;-0.00322809984051642
12.11.2015;-0.0139903614457831
13.11.2015;-0.0112073979579369
16.11.2015;0.014903313824739
17.11.2015;-0.00133937920991234
18.11.2015;0.0161623846589025
19.11.2015;-0.00112306702886389
20.11.2015;0.0038102285176147
23.11.2015;-0.00123494019155934
24.11.2015;0.001222089629491
25.11.2015;-0.000129239782877155
27.11.2015;0.000593622389138737
30.11.2015;-0.00464090406725015
01.12.2015;0.010680586999678
02.12.2015;-0.0109957529379872
03.12.2015;-0.0143735783910635
04.12.2015;0.0205257559937941
07.12.2015;-0.00698956346303703
08.12.2015;-0.00648991126923981
09.12.2015;-0.00773894039029088
10.12.2015;0.00225139430167709
11.12.2015;-0.0194227742504496
14.12.2015;0.00475558669628362
15.12.2015;0.0106185148916387
16.12.2015;0.0145149529463007
17.12.2015;-0.0150404954970166
18.12.2015;-0.0177972368736808
21.12.2015;0.00777841489865638
22.12.2015;0.00881676273408694
23.12.2015;0.0124180345958989
24.12.2015;-0.00159861259803618
28.12.2015;-0.0021785646703768
29.12.2015;0.0106297106734745
30.12.2015;-0.00721722896899479
31.12.2015;-0.00941183312655092
04.01.2016;-0.0153037760403926
05.01.2016;0.0020122623791401
06.01.2016;-0.0131154206603825
07.01.2016;-0.0237004210505161
08.01.2016;-0.0108384068674122
11.01.2016;0.000853264517203245
12.01.2016;0.00780279361844816
13.01.2016;-0.0249654404027483
14.01.2016;0.0166959392259347
15.01.2016;-0.0215990925363193
19.01.2016;0.000531821541963406
20.01.2016;-0.011693854879261
21.01.2016;0.00519541985553951
22.01.2016;0.0202836826307258
25.01.2016;-0.0156379464051603
26.01.2016;0.0141443092462763
27.01.2016;-0.0108634556084953
28.01.2016;0.00552855891022053
29.01.2016;0.0247602146448642
01.02.2016;-0.000443244134746168
02.02.2016;-0.0187431034660562
03.02.2016;0.00499203901147127
04.02.2016;0.00152677343623364
05.02.2016;-0.0184812968232009
08.02.2016;-0.0141538788861998
09.02.2016;-0.000663630870165743
10.02.2016;-0.00018896345446795
11.02.2016;-0.0123011458749581
12.02.2016;0.0195180090537319
16.02.2016;0.0165166936582331
17.02.2016;0.0164804439802066
18.02.2016;-0.00466571864522891
19.02.2016;-0.0000260711324778784
22.02.2016;0.0144542126834153
23.02.2016;-0.0124543819069648
24.02.2016;0.00443977160940423
25.02.2016;0.0113483262514251
26.02.2016;-0.00187016447199884
29.02.2016;-0.00812094145427478
01.03.2016;0.0238687940876603
02.03.2016;0.00409432102509677
03.03.2016;0.00349870371768746
04.03.2016;0.00330590950135434
07.03.2016;0.000885004425022151
08.03.2016;-0.0112401087043402
09.03.2016;0.00505239331871499
10.03.2016;0.000155836843851453
11.03.2016;0.0163955025457763
14.03.2016;-0.00126100910399118
15.03.2016;-0.00183696104256204
16.03.2016;0.00560039287078418
17.03.2016;0.00659523879993285
18.03.2016;0.00440558857977358
21.03.2016;0.00098556777486114
22.03.2016;-0.000877364008578518
23.03.2016;-0.00638598887696362
24.03.2016;-0.000378060695926274
28.03.2016;0.000545202707348924
29.03.2016;0.0088166711666382
30.03.2016;0.00435034379394739
31.03.2016;-0.00203977809539957
01.04.2016;0.00633089613252169
04.04.2016;-0.00320825171991246
05.04.2016;-0.010144569799577
06.04.2016;0.0105076839578127
07.04.2016;-0.0119758450833711
08.04.2016;0.0027866066574922
11.04.2016;-0.00273979292830628
12.04.2016;0.00966214330138726
13.04.2016;0.0100401606425704
14.04.2016;0.000172875788745808
15.04.2016;-0.00098426141983321
18.04.2016;0.00654097360061145
19.04.2016;0.00308450394873794
20.04.2016;0.000761614623000728
21.04.2016;-0.00519406392694066
22.04.2016;0.0000478130319199188
25.04.2016;-0.00181202727124952
26.04.2016;0.00187279371967475
27.04.2016;0.00164937610556026
28.04.2016;-0.00923084266043006
29.04.2016;-0.00506308380824827
02.05.2016;0.00781000338933802
03.05.2016;-0.00867672705784006
04.05.2016;-0.00593688965139549
05.05.2016;-0.000238893872615775
06.05.2016;0.00317463413682617
09.05.2016;0.00075347326871289
10.05.2016;0.0124836667978179
11.05.2016;-0.0095615503816463
12.05.2016;-0.000169535859256165
13.05.2016;-0.00847823032687223
16.05.2016;0.00979668818192025
17.05.2016;-0.00941132068167949
18.05.2016;0.000205157262811451
19.05.2016;-0.00370672435938135
20.05.2016;0.00601948981392542
23.05.2016;-0.00208544476494898
24.05.2016;0.0136813734106755
25.05.2016;0.00697475024806615
26.05.2016;-0.000210471935480849
27.05.2016;0.00428687622601798
31.05.2016;-0.00100044781950015
01.06.2016;0.00113020753853199
02.06.2016;0.00282471074104618
03.06.2016;-0.00291175436763158
06.06.2016;0.00489726696297987
07.06.2016;0.00128946008599584
08.06.2016;0.00330945538390148
09.06.2016;-0.00171769413718892
10.06.2016;-0.0091752226445061
13.06.2016;-0.00811518699280089
14.06.2016;-0.00179888988292776
15.06.2016;-0.00184067999151949
16.06.2016;0.00313299541395118
17.06.2016;-0.00325795600556311
20.06.2016;0.00580817102963471
21.06.2016;0.00271210848433934
22.06.2016;-0.00165158695964396
23.06.2016;0.0133640221534923
24.06.2016;-0.0359197849828706
27.06.2016;-0.0180965048762891
28.06.2016;0.0177702020454478
29.06.2016;0.0170326459046506
30.06.2016;0.0135650023904152
01.07.2016;0.0019486769007937
05.07.2016;-0.00684752371668351
06.07.2016;0.00535299609777118
07.07.2016;-0.000871540626651957
08.07.2016;0.0152533485866819
11.07.2016;0.00340861073289811
12.07.2016;0.00700930206442196
13.07.2016;0.000134749598074357
14.07.2016;0.00525917219143013
15.07.2016;-0.000928942807625788
18.07.2016;0.00238234015191474
19.07.2016;-0.00143523667560408
20.07.2016;0.00427030474447476
21.07.2016;-0.00361248400843062
22.07.2016;0.00455391493508595
25.07.2016;-0.00301145271559478
26.07.2016;0.000322806758651151
27.07.2016;-0.00119860961284901
28.07.2016;0.00160621809487771
29.07.2016;0.00163129130070128
01.08.2016;-0.00126978284873014
02.08.2016;-0.0063615927475078
03.08.2016;0.00313393879547319
04.08.2016;0.000212589946344099
05.08.2016;0.00860344230102794
08.08.2016;-0.000907062720180374
09.08.2016;0.000389749139112938
10.08.2016;-0.00286468598458112
11.08.2016;0.00473456554615281
12.08.2016;-0.000796050855754515
15.08.2016;0.00279297635127396
16.08.2016;-0.00547907677556336
17.08.2016;0.00186855818010678
18.08.2016;0.00219959490793786
19.08.2016;-0.00144031604649253
22.08.2016;-0.000563220338206993
23.08.2016;0.0019517648352454
24.08.2016;-0.0052402944807719
25.08.2016;-0.00136524105468327
26.08.2016;-0.0015788480393284
29.08.2016;0.00522811935234024
30.08.2016;-0.00195378787183897
31.08.2016;-0.00237578809992101
01.09.2016;-0.000041456505216475
02.09.2016;0.00420110002487495
06.09.2016;0.00298167873099753
07.09.2016;-0.000146353957045209
08.09.2016;-0.00222307607860339
09.09.2016;-0.0245220739925733
12.09.2016;0.0146770623316932
13.09.2016;-0.0148306654809545
14.09.2016;-0.000587676655602665
15.09.2016;0.0101092780498362
16.09.2016;-0.00377224928513564
19.09.2016;-0.0000186989285513306
20.09.2016;0.000299188451325927
21.09.2016;0.0109171121994989
22.09.2016;0.00649987055734313
23.09.2016;-0.00573677876886602
26.09.2016;-0.00858783474770064
27.09.2016;0.00644424770513963
28.09.2016;0.00529646794109073
29.09.2016;-0.00932130406149101
30.09.2016;0.0079679052405015
03.10.2016;-0.00326066403169356
04.10.2016;-0.00495558023320375
05.10.2016;0.0042966951717982
06.10.2016;0.000481541674190789
07.10.2016;-0.00325346982788555
10.10.2016;0.00460594129282099
11.10.2016;-0.0124465026852647
12.10.2016;0.00114661187889897
13.10.2016;-0.00309931843042643
14.10.2016;0.000201636538416317
17.10.2016;-0.00303800316927494
18.10.2016;0.00616035739478016
19.10.2016;0.00219199850439344
20.10.2016;-0.00137574675067265
21.10.2016;-0.0000840595141361478
24.10.2016;0.00474976181135456
25.10.2016;-0.00379765075557914
26.10.2016;-0.00174042068720959
27.10.2016;-0.00298677685177817
28.10.2016;-0.00310823988298392
31.10.2016;-0.000122271810234054
01.11.2016;-0.00678691531641717
02.11.2016;-0.00652548633341532
03.11.2016;-0.00442338675081277
04.11.2016;-0.00166614001321419
07.11.2016;0.0222235010886351
08.11.2016;0.00377195616273829
09.11.2016;0.0110770438781806
10.11.2016;0.00195075950186285
11.11.2016;-0.00139793677450317
14.11.2016;-0.00011550278361705
15.11.2016;0.00748082432307551
16.11.2016;-0.00158228573787245
17.11.2016;0.00467628873556447
18.11.2016;-0.00238670031822663
21.11.2016;0.00746138686465914
22.11.2016;0.00216542776296769
23.11.2016;0.000808011112422458
25.11.2016;0.0039143292572299
28.11.2016;-0.00525447850543304
29.11.2016;0.00133531965917566
30.11.2016;-0.00265347037638453
01.12.2016;-0.00351553795007298
02.12.2016;0.000397064461361563
05.12.2016;0.00582130066835473
06.12.2016;0.00341087943539065
07.12.2016;0.0131631882760834
08.12.2016;0.00215941285386045
09.12.2016;0.00593894550327456
12.12.2016;-0.00113740468150458
13.12.2016;0.00653977031050612
14.12.2016;-0.00811719754195039
15.12.2016;0.00388322800539664
16.12.2016;-0.00175063991193747
19.12.2016;0.00197513806037897
20.12.2016;0.00363752082845314
21.12.2016;-0.00245732706230528
22.12.2016;-0.00186298660592088
23.12.2016;0.00125168070200266
27.12.2016;0.002248441772426
28.12.2016;-0.00835654596100277
29.12.2016;-0.000293343763333787
30.12.2016;-0.00463708063985502
03.01.2017;0.00848657557742216
04.01.2017;0.00572230858833489
05.01.2017;-0.000770670483320468
06.01.2017;0.00351696782723665
09.01.2017;-0.0035485599346502
10.01.2017;0
11.01.2017;0.0028295649874388
12.01.2017;-0.00214475326547481
13.01.2017;0.00184986170081558
17.01.2017;-0.00296750254985401
18.01.2017;0.00176375397395812
19.01.2017;-0.00360932967705296
20.01.2017;0.00336618529922372
23.01.2017;-0.00269007753234918
24.01.2017;0.00656454176231702
25.01.2017;0.00802606937506289
26.01.2017;-0.000735303715241664
27.01.2017;-0.000866468119198105
30.01.2017;-0.00600952634124874
31.01.2017;-0.000889999561576649
01.02.2017;0.00029839350204286
02.02.2017;0.000570287995437679
03.02.2017;0.00726483547800161
06.02.2017;-0.00211541642364044
07.02.2017;0.000226820672087014
08.02.2017;0.000693390548956119
09.02.2017;0.00575246113820271
10.02.2017;0.00356605874680982
13.02.2017;0.00524588748326926
14.02.2017;0.00400730162138951
15.02.2017;0.00499234250806402
16.02.2017;-0.000864105565606121
17.02.2017;0.00167858147084643
21.02.2017;0.00604807839534538
22.02.2017;-0.00108227853452725
23.02.2017;0.000418990866845492
24.02.2017;0.00149335183453836
27.02.2017;0.00101802022523168
28.02.2017;-0.00257833104757887
01.03.2017;0.0136738251171922
02.03.2017;-0.00585986410457606
03.03.2017;0.000503795257607242
06.03.2017;-0.00327721642216927
07.03.2017;-0.00291330394769529
08.03.2017;-0.00228425217130623
09.03.2017;0.000799837493334676
10.03.2017;0.00326867861658364
13.03.2017;0.0003666863356655
14.03.2017;-0.00337901890481029
15.03.2017;0.00837472785305149
16.03.2017;-0.00162665705206144
17.03.2017;-0.00131436394023643
20.03.2017;-0.00200988121517931
21.03.2017;-0.0124079933599328
22.03.2017;0.00188991561505447
23.03.2017;-0.00106027379761109
24.03.2017;-0.000844004160343803
27.03.2017;-0.00101963327332144
28.03.2017;0.00725148296670208
29.03.2017;0.00108540344361208
30.03.2017;0.00293503534324668
31.03.2017;-0.00225501043047904
03.04.2017;-0.00164217512020026
04.04.2017;0.000559597090094899
05.04.2017;-0.00305487763541457
06.04.2017;0.00192949276440202
07.04.2017;-0.000827150910502228
10.04.2017;0.000687740390738378
11.04.2017;-0.00143392896536498
12.04.2017;-0.00375990959223049
13.04.2017;-0.00681470235785286
17.04.2017;0.00861332360076439
18.04.2017;-0.00290335077330461
19.04.2017;-0.00171634239749974
20.04.2017;0.00755719216310191
21.04.2017;-0.0030350108666124
24.04.2017;0.0108400853241595
25.04.2017;0.00609060084661883
26.04.2017;-0.000485638090772622
27.04.2017;0.000552891160024327
28.04.2017;-0.00191311846682607
01.05.2017;0.00173223722842053
02.05.2017;0.00118911540699984
03.05.2017;-0.00127134415369878
04.05.2017;0.000582045366039452
05.05.2017;0.0040886872677357
08.05.2017;0.0000375110970329828
09.05.2017;-0.00102526486008891
10.05.2017;0.00113061762595335
11.05.2017;-0.00216283343682155
12.05.2017;-0.00147842501795825
15.05.2017;0.00477644401689736
16.05.2017;-0.000686836058476858
17.05.2017;-0.0181782585694826
18.05.2017;0.00368684318824952
19.05.2017;0.00676749573068669
22.05.2017;0.00516011470653677
23.05.2017;0.00183791279939194
24.05.2017;0.00248913868296619
25.05.2017;0.00444187507018423
26.05.2017;0.000310550004761767
30.05.2017;-0.00120455994237989
31.05.2017;-0.000460025446452517
01.06.2017;0.00757110871548217
02.06.2017;0.00370772738121694
05.06.2017;-0.00121767722943589
06.06.2017;-0.0027790320594393
07.06.2017;0.00156833365578168
08.06.2017;0.000267144512851702
09.06.2017;-0.000829981222702059
12.06.2017;-0.000978710980068076
13.06.2017;0.00451142056236331
14.06.2017;-0.000995758805089397
15.06.2017;-0.00223961409726325
16.06.2017;0.000283663451814187
19.06.2017;0.00834720424141544
20.06.2017;-0.00669666511783351
21.06.2017;-0.000582676454536912
22.06.2017;-0.000455737987608895
23.06.2017;0.0015608954610804
26.06.2017;0.000315793790755858
27.06.2017;-0.00807274903959299
28.06.2017;0.0088080417296994
29.06.2017;-0.0086000270415334
30.06.2017;0.00153324792329634
03.07.2017;0.00231079346870744
05.07.2017;0.00145326696884718
06.07.2017;-0.00936880791271677
07.07.2017;0.00640315385413426
10.07.2017;0.000927766186427315
11.07.2017;-0.000782720819961669
12.07.2017;0.00730561980268218
13.07.2017;0.00187455233807432
14.07.2017;0.00467352716487657
17.07.2017;-0.0000528612149134355
18.07.2017;0.000597769952097149
19.07.2017;0.00537265149698651
20.07.2017;-0.000153607968211289
21.07.2017;-0.000367907174189885
24.07.2017;-0.00106368349955921
25.07.2017;0.00292318343583386
26.07.2017;0.000282585088388521
27.07.2017;-0.000972625240633906
28.07.2017;-0.00134118654612159
31.07.2017;-0.000728125884875142
01.08.2017;0.00244909525158876
02.08.2017;0.000492660568982783
03.08.2017;-0.00218359118006772
04.08.2017;0.00188903630832948
07.08.2017;0.00164726686934502
08.08.2017;-0.00241443663816898
09.08.2017;-0.000363648117919002
10.08.2017;-0.0144744181534506
11.08.2017;0.00127552589809743
14.08.2017;0.0100437468254879
15.08.2017;-0.000498815819355736
16.08.2017;0.00142010297775297
17.08.2017;-0.0154369132656161
18.08.2017;-0.00183538339348399
21.08.2017;0.0011626229102677
22.08.2017;0.00994082450367961
23.08.2017;-0.00345360467439493
24.08.2017;-0.00207443413364761
25.08.2017;0.00167283730427203
28.08.2017;0.000487096047972591
29.08.2017;0.0008427977612675
30.08.2017;0.00461513305808769
31.08.2017;0.00572105192485317
01.09.2017;0.00198248133837731
05.09.2017;-0.00755082675496166
06.09.2017;0.00312875073743313
07.09.2017;-0.000178459891139515
08.09.2017;-0.00148878341649428
11.09.2017;0.0108392276034663
12.09.2017;0.00336399918010044
13.09.2017;0.000757065948855828
14.09.2017;-0.00110071766791953
15.09.2017;0.00184723635809947
18.09.2017;0.00145586606032233
19.09.2017;0.00111028128457158
20.09.2017;0.000634312728142961
21.09.2017;-0.0030459605141453
22.09.2017;0.000647844517315699
25.09.2017;-0.00222202684016592
26.09.2017;0.0000720963206846115
27.09.2017;0.00408516364684952
28.09.2017;0.0012046078243666
29.09.2017;0.00370509071496317
02.10.2017;0.00387399974596714
03.10.2017;0.00215885367242352
04.10.2017;0.00124675488641102
05.10.2017;0.00564675656292613
06.10.2017;-0.00107363826227347
09.10.2017;-0.00180439566474322
10.10.2017;0.00232244678217319
11.10.2017;0.00180346893328731
12.10.2017;-0.00168673001361908
13.10.2017;0.000878111120258263
16.10.2017;0.00175076473560321
17.10.2017;0.000672494956287961
18.10.2017;0.000742373093273407
19.10.2017;0.000327963580425195
20.10.2017;0.00511689629600731
23.10.2017;-0.00397249156379476
24.10.2017;0.00161794633876289
25.10.2017;-0.00466305714385806
26.10.2017;0.00127094617054135
27.10.2017;0.00807295735041413
30.10.2017;-0.00319247443889559
31.10.2017;0.00094448525553581
01.11.2017;0.00159207225678171
02.11.2017;0.000189969604863061
03.11.2017;0.00309707928755554
06.11.2017;0.00127133053048101
07.11.2017;-0.000189106683184614
08.11.2017;0.001443658709817
09.11.2017;-0.00376197781358178
10.11.2017;-0.000897617444730603
13.11.2017;0.000983619254153245
14.11.2017;-0.00230962071153351
15.11.2017;-0.00552567597436082
16.11.2017;0.00819614601773355
17.11.2017;-0.00262604229513774
20.11.2017;0.00127576245225591
21.11.2017;0.00654108607589077
22.11.2017;-0.000750279912121177
24.11.2017;0.00205615537449755
27.11.2017;-0.000384257729344251
28.11.2017;0.00984846737551015
29.11.2017;-0.000369236859735556
30.11.2017;0.00819094692829969
01.12.2017;-0.00202449028924534
04.12.2017;-0.00105214554427702
05.12.2017;-0.00373942957597062
06.12.2017;-0.000114087094087667
07.12.2017;0.00293237286395076
08.12.2017;0.00550629887219478
11.12.2017;0.00320196115406368
12.12.2017;0.00154887800330084
13.12.2017;-0.000472953444114577
14.12.2017;-0.00407082637024225
15.12.2017;0.00897432513452046
18.12.2017;0.0053628620866204
19.12.2017;-0.00323029113509976
20.12.2017;-0.000827904097379317
21.12.2017;0.00198563030698895
22.12.2017;-0.000458173934745565
26.12.2017;-0.00105838246364609
27.12.2017;0.00079089722066783
28.12.2017;0.0018340279279212
29.12.2017;-0.00518317866896856
02.01.2018;0.00830338007413189
03.01.2018;0.00639881890786076
04.01.2018;0.0040286613639211
05.01.2018;0.00703379968355256
08.01.2018;0.00166232251244014
09.01.2018;0.00130290314480064
10.01.2018;-0.00111220554721603
11.01.2018;0.00703361800140456
12.01.2018;0.00674962783101352
16.01.2018;-0.0035244630756861
17.01.2018;0.0094150020530035
18.01.2018;-0.00161637931034475
19.01.2018;0.00438522817839693
22.01.2018;0.00806675443902782
23.01.2018;0.00217439648143136
24.01.2018;-0.000560030713634196
25.01.2018;0.000602634676515557
26.01.2018;0.0118411552346569
29.01.2018;-0.00673194401417387
30.01.2018;-0.0108987815092185
31.01.2018;0.000488940381160985
01.02.2018;-0.000648060598977929
02.02.2018;-0.0212085131716029
05.02.2018;-0.0409792442788718
06.02.2018;0.0174409386396066
07.02.2018;-0.00500159546442858
08.02.2018;-0.0375364513025513
09.02.2018;0.0149360712901976
12.02.2018;0.0139146036532991
13.02.2018;0.00261295180722887
14.02.2018;0.0134024799657522
15.02.2018;0.0120690869070601
16.02.2018;0.000373462214411147
20.02.2018;-0.00584140369369945
21.02.2018;-0.00549652831466807
22.02.2018;0.000973594488640872
23.02.2018;0.0160283436145505
26.02.2018;0.0117569977796381
27.02.2018;-0.0127068642970211
28.02.2018;-0.0110958065503521
01.03.2018;-0.0133243423501103
02.03.2018;0.00507157342017495
05.03.2018;0.0110320483046911
06.03.2018;0.00263879394620981
07.03.2018;-0.000483849684031368
08.03.2018;0.00446310693853591
09.03.2018;0.0173787956786677
12.03.2018;-0.00127396763763343
13.03.2018;-0.00636359063175973
14.03.2018;-0.00572449381805296
15.03.2018;-0.000781966044488436
16.03.2018;0.00170347209836463
19.03.2018;-0.0142041635023129
20.03.2018;0.00148179821004679
21.03.2018;-0.00184398624923632
22.03.2018;-0.0251628913725649
23.03.2018;-0.0209669061047247
26.03.2018;0.0271572407717926
27.03.2018;-0.0172763348441821
28.03.2018;-0.00291661244268204
29.03.2018;0.0137696737044146
02.04.2018;-0.0223373358022166
03.04.2018;0.0126148387996343
04.04.2018;0.0115664862590603
05.04.2018;0.00686280811739759
06.04.2018;-0.0219202054948853
09.04.2018;0.00333657135616838
10.04.2018;0.016726874741692
11.04.2018;-0.00552529856560535
12.04.2018;0.00825073140084531
13.04.2018;-0.00288664747240031
16.04.2018;0.00810902383013956
17.04.2018;0.0106615779882293
18.04.2018;0.000831365767683057
19.04.2018;-0.00572612085769975
20.04.2018;-0.00853653555528333
23.04.2018;0.0000561768296793996
24.04.2018;-0.0133805691516652
25.04.2018;0.0018371189116968
26.04.2018;0.0104341895885429
27.04.2018;0.00111363585232516
30.04.2018;-0.00818754190216142
01.05.2018;0.00254904552406487
02.05.2018;-0.00720581588066904
03.05.2018;-0.00225369640357098
04.05.2018;0.012811201149928
07.05.2018;0.00345796006638088
08.05.2018;-0.000265655926933395
09.05.2018;0.00968217611305722
10.05.2018;0.0093706329996035
11.05.2018;0.00170763146007991
14.05.2018;0.000883521769096562
15.05.2018;-0.00684216502510882
16.05.2018;0.00406055800402005
17.05.2018;-0.000855843612027285
18.05.2018;-0.00263222713620315
21.05.2018;0.00738673851904026
22.05.2018;-0.0031357367883762
23.05.2018;0.00324837397777156
24.05.2018;-0.00202320280687363
25.05.2018;-0.00235724550546978
29.05.2018;-0.011564198388288
30.05.2018;0.0126958280356599
31.05.2018;-0.00687956358456843
01.06.2018;0.0108491943502866
04.06.2018;0.00447959862796288
05.06.2018;0.000702617888724388
06.06.2018;0.00856737485448189
07.06.2018;-0.000714195538081386
08.06.2018;0.00312593624678303
11.06.2018;0.00106871822182564
12.06.2018;0.00174335010783611
13.06.2018;-0.00402605091770269
14.06.2018;0.00247151097228371
15.06.2018;-0.00101707463458989
18.06.2018;-0.00212615931444848
19.06.2018;-0.00402343397926985
20.06.2018;0.00171216141374586
21.06.2018;-0.00634548949886526
22.06.2018;0.00186198068195043
25.06.2018;-0.0137247357416657
26.06.2018;0.00220458066961826
27.06.2018;-0.00860429076112901
28.06.2018;0.00617862447816919
29.06.2018;0.000758381775276096
02.07.2018;0.00306801502370901
03.07.2018;-0.00494735413740377
05.07.2018;0.00862075320099387
06.07.2018;0.00848129620223559
09.07.2018;0.00882303918371474
10.07.2018;0.00347320745500457
11.07.2018;-0.00709417862153883
12.07.2018;0.0087490356954889
13.07.2018;0.00107923053007375
16.07.2018;-0.00102809042912066
17.07.2018;0.00397365665748306
18.07.2018;0.00216048833443061
19.07.2018;-0.00395294819613445
20.07.2018;-0.000948479046101069
23.07.2018;0.00183808439484201
24.07.2018;0.00478093894505838
25.07.2018;0.00910154588001699
26.07.2018;-0.003032251490652
27.07.2018;-0.00656225329874816
30.07.2018;-0.0057541808274385
31.07.2018;0.00488474987511589
01.08.2018;-0.0010403758135703
02.08.2018;0.00492649358773845
03.08.2018;0.00464413805788011
06.08.2018;0.0035382963367192
07.08.2018;0.00282416502946936
08.08.2018;-0.000262379961167736
09.08.2018;-0.00144171886482136
10.08.2018;-0.00711387099713334
13.08.2018;-0.00400595775920498
14.08.2018;0.00638924424064391
15.08.2018;-0.00760221974957398
16.08.2018;0.00791947118369851
17.08.2018;0.00332313628026992
20.08.2018;0.00242795942641205
21.08.2018;0.00206856722843485
22.08.2018;-0.000398189286612394
23.08.2018;-0.00169123145410965
24.08.2018;0.00619885333463999
27.08.2018;0.00767039228577682
28.08.2018;0.000269268211851914
29.08.2018;0.00570142742759328
30.08.2018;-0.00443027549381614
31.08.2018;0.000134430377128902
04.09.2018;-0.00165430532962041
05.09.2018;-0.00280317048247669
06.09.2018;-0.00365228830575359
07.09.2018;-0.00221330414690513
10.09.2018;0.00189784377089386
11.09.2018;0.00373983796352606
12.09.2018;0.000356661784209233
13.09.2018;0.00528225080652978
14.09.2018;0.000275465019385912
17.09.2018;-0.00556974574695857
18.09.2018;0.00536901135419554
19.09.2018;0.00125330973621951
20.09.2018;0.00784057497549817
21.09.2018;-0.000368506355028497
24.09.2018;-0.003515754334106
25.09.2018;-0.00130507609518493
26.09.2018;-0.00328924803468289
27.09.2018;0.00276327697808321
28.09.2018;-6.86341798217249E-06
01.10.2018;0.00364106822970656
02.10.2018;-0.000396636793533522
03.10.2018;0.000711493006502861
04.10.2018;-0.00816951574255431
05.10.2018;-0.00552796550880374
08.10.2018;-0.000395069258413483
09.10.2018;-0.00141795779408749
10.10.2018;-0.0328641757570288
11.10.2018;-0.0205730737198817
12.10.2018;0.014206284338268
15.10.2018;-0.00590503518085528
16.10.2018;0.021495643069809
17.10.2018;-0.000252676232775362
18.10.2018;-0.0143919464902944
19.10.2018;-0.000361169901545111
22.10.2018;-0.00429947466922953
23.10.2018;-0.00551185102399232
24.10.2018;-0.0308644903290778
25.10.2018;0.0186250517676294
26.10.2018;-0.0173272175548961
29.10.2018;-0.00655962146771527
30.10.2018;0.0156668244202556
31.10.2018;0.0108512914565182
01.11.2018;0.0105577968389301
02.11.2018;-0.00631666526782881
05.11.2018;0.00560031729010735
06.11.2018;0.00625933513736565
07.11.2018;0.0212088769529477
08.11.2018;-0.00250898222745022
09.11.2018;-0.0091989896074931
12.11.2018;-0.0197014753632675
13.11.2018;-0.001481905348798
14.11.2018;-0.00756746431169131
15.11.2018;0.0105938006647961
16.11.2018;0.00222328034576225
19.11.2018;-0.0166430944314706
20.11.2018;-0.0181512080364808
21.11.2018;0.00304327583661701
23.11.2018;-0.00655489012917321
26.11.2018;0.0155324095177318
27.11.2018;0.00326170304288476
28.11.2018;0.0229739352837441
29.11.2018;-0.00219769005645465
30.11.2018;0.00818552393197347
03.12.2018;0.0109413550614634
04.12.2018;-0.0323648835100722
06.12.2018;-0.00152218839581353
07.12.2018;-0.0233201654333351
10.12.2018;0.00176219484406093
11.12.2018;-0.000356368378751193
12.12.2018;0.00541948892209443
13.12.2018;-0.000199919277876548
14.12.2018;-0.0190866766772054
17.12.2018;-0.0207734764130079
18.12.2018;0.000086412091408139
19.12.2018;-0.015395733182518
20.12.2018;-0.0157720905000478
21.12.2018;-0.0205883068144054
24.12.2018;-0.0271122476847828
26.12.2018;0.049593807154098
27.12.2018;0.00856262916886164
28.12.2018;-0.00124154723303727
31.12.2018;0.00849244088279555
02.01.2019;0.00126852424357282
03.01.2019;-0.0247566762150254
04.01.2019;0.0343356931888279
07.01.2019;0.00701043468644591
08.01.2019;0.00969529629092158
09.01.2019;0.00409802634390033
10.01.2019;0.00451844515969291
11.01.2019;-0.000146342966294788
14.01.2019;-0.00525756280187661
15.01.2019;0.0107217117567113
16.01.2019;0.00222196682373665
17.01.2019;0.00759145292611141
18.01.2019;0.0131830528536092
22.01.2019;-0.0141572840181076
23.01.2019;0.00220289414713792
24.01.2019;0.0013756774169098
25.01.2019;0.0084887201825663
28.01.2019;-0.0078468605052614
29.01.2019;-0.00145620969419591
30.01.2019;0.0155492424242425
31.01.2019;0.00859737789298953
01.02.2019;0.000898635405495396
04.02.2019;0.00677620421720793
05.02.2019;0.0047084815055396
06.02.2019;-0.00222449501406274
07.02.2019;-0.00935711906165226
08.02.2019;0.00067626244895691
11.02.2019;0.0007090417596054
12.02.2019;0.0128902502029669
13.02.2019;0.00302397685746869
14.02.2019;-0.00265162384717932
15.02.2019;0.0108787098512964
19.02.2019;0.00149877503963114
20.02.2019;0.00177713183871964
21.02.2019;-0.00352641218084526
22.02.2019;0.00641108804705071
25.02.2019;0.00123179609477675
26.02.2019;-0.000790383783184523
27.02.2019;-0.000544042378037846
28.02.2019;-0.00282554666628476
01.03.2019;0.0068953381050032
04.03.2019;-0.00388060020901027
05.03.2019;-0.00113147689961002
06.03.2019;-0.00652411592852165
07.03.2019;-0.00812571036821874
08.03.2019;-0.00213173853099191
11.03.2019;0.0146660493534616
12.03.2019;0.00295332878238064
13.03.2019;0.00694961884564682
14.03.2019;-0.000868043202937097
15.03.2019;0.00498490286560704
18.03.2019;0.0037059607153993
19.03.2019;-0.000130606366530839
20.03.2019;-0.0029443226469249
21.03.2019;0.0108525155529118
22.03.2019;-0.0189745278260383
25.03.2019;-0.000839072949359254
26.03.2019;0.00718277848454085
27.03.2019;-0.00464438026439973
28.03.2019;0.00358954433818015
29.03.2019;0.0067342937515984
01.04.2019;0.0115685859441153
02.04.2019;0.0000174386768925228
03.04.2019;0.00214840752779688
04.04.2019;0.00208463840746154
05.04.2019;0.0046363986816651
08.04.2019;0.00104744982265959
09.04.2019;-0.00606747082813908
10.04.2019;0.00347786811201445
11.04.2019;0.0000380858732571543
12.04.2019;0.00660937846222009
15.04.2019;-0.000629426190320581
16.04.2019;0.000509364739569973
17.04.2019;-0.00227377487908753
18.04.2019;0.00157906531745078
22.04.2019;0.00101203774143466
23.04.2019;0.00884121913224689
24.04.2019;-0.00219178642524065
25.04.2019;-0.000368946963873906
26.04.2019;0.00468530536503353
29.04.2019;0.00107147230499205
30.04.2019;0.000951400427450455
01.05.2019;-0.0075021301297088
02.05.2019;-0.00212399913808736
03.05.2019;0.00963832295922562
06.05.2019;-0.00447101478795786
07.05.2019;-0.0165116778688271
08.05.2019;-0.00160538132140575
09.05.2019;-0.00302144181814401
10.05.2019;0.00372032103444453
13.05.2019;-0.0241306309432915
14.05.2019;0.00801601781021177
15.05.2019;0.00583895766667486
16.05.2019;0.00889524931952757
17.05.2019;-0.00583731990877234
20.05.2019;-0.00674936090896061
21.05.2019;0.008495790833841
22.05.2019;-0.00282436565236222
23.05.2019;-0.0119141397696997
24.05.2019;0.00135353478088329
28.05.2019;-0.00837561835205203
29.05.2019;-0.00691195729359584
30.05.2019;0.00209843982436353
31.05.2019;-0.0131953558084666
03.06.2019;-0.00276520134008706
04.06.2019;0.0214323452786533
05.06.2019;0.00816189664213574
06.06.2019;0.00613555543760946
07.06.2019;0.0104976630830425
10.06.2019;0.00466008199516943
11.06.2019;-0.000349876850276987
12.06.2019;-0.00203761972748562
13.06.2019;0.00409744985832527
14.06.2019;-0.00161154223900617
17.06.2019;0.000931769530789994
18.06.2019;0.0097173725719546
19.06.2019;0.00298517693428146
20.06.2019;0.00947219507527852
21.06.2019;-0.00125923268047301
24.06.2019;-0.00173193332565091
25.06.2019;-0.00949632471522899
26.06.2019;-0.0012339839170763
27.06.2019;0.00382321245941686
28.06.2019;0.00575742242522881
01.07.2019;0.0076722778200804
02.07.2019;0.00292814902524352
03.07.2019;0.00767235898971075
05.07.2019;-0.00180584948361395
08.07.2019;-0.00483545734531388
09.07.2019;0.00123657991565729
10.07.2019;0.00451062715840567
11.07.2019;0.00228527899447717
12.07.2019;0.00462013860415822
15.07.2019;0.000175859471691631
16.07.2019;-0.00340377533755776
17.07.2019;-0.00653120464441215
18.07.2019;0.0035819355184592
19.07.2019;-0.00617673474429992
22.07.2019;0.0028287212634508
23.07.2019;0.00684750237016041
24.07.2019;0.00468811866363672
25.07.2019;-0.00526235610486292
26.07.2019;0.00738762913369317
29.07.2019;-0.00161606948107329
30.07.2019;-0.00257864195937063
31.07.2019;-0.0108855096608897
01.08.2019;-0.0089988524953194
02.08.2019;-0.00728273676512403
05.08.2019;-0.0297778005149981
06.08.2019;0.0130170068266344
07.08.2019;0.000766889793425651
08.08.2019;0.0187622660351321
09.08.2019;-0.00661654340064466
12.08.2019;-0.0119575831291865
13.08.2019;0.0147620286085826
14.08.2019;-0.0292927636075344
15.08.2019;0.00246426811237055
16.08.2019;0.0144261834527322
19.08.2019;0.01210587534791
20.08.2019;-0.0079147640791476
21.08.2019;0.00824682555826373
22.08.2019;-0.000506081526998381
23.08.2019;-0.0259463897774508
26.08.2019;0.0109830670399107
27.08.2019;-0.00320319068364849
28.08.2019;0.00654546975421377
29.08.2019;0.012687244194824
30.08.2019;0.000642827346148955
03.09.2019;-0.00689912043902874
04.09.2019;0.010842075925499
05.09.2019;0.01300982374446
06.09.2019;0.000910618279569952
09.09.2019;-0.0000940004230020053
10.09.2019;0.000322317462555732
11.09.2019;0.00722966781790912
12.09.2019;0.0028791074766823
13.09.2019;-0.000724355971118862
16.09.2019;-0.00313560928246748
17.09.2019;0.00258175559380369
18.09.2019;0.000342682237082892
19.09.2019;0.0000199552337589726
20.09.2019;-0.00489558632295561
23.09.2019;-0.0000969228661094057
24.09.2019;-0.00841639425358831
25.09.2019;0.00615856536101944
26.09.2019;-0.00242891650222621
27.09.2019;-0.00531632646207369
30.09.2019;0.00504762322784535
01.10.2019;-0.0122583766133421
02.10.2019;-0.0179032395204489
03.10.2019;0.00797199067741139
04.10.2019;0.0142168533960003
07.10.2019;-0.00447830461278931
08.10.2019;-0.0155608260542605
09.10.2019;0.00910454674289518
10.10.2019;0.00641570185654583
11.10.2019;0.0109389305442578
14.10.2019;-0.00138707928908821
15.10.2019;0.00995566643628942
16.10.2019;-0.00199954601292518
17.10.2019;0.00276282825309648
18.10.2019;-0.00391934488567192
21.10.2019;0.00687160940325504
22.10.2019;-0.00356867283950613
23.10.2019;0.00284713900914224
24.10.2019;0.00192043987059498
25.10.2019;0.00407269731487681
28.10.2019;0.00558137996062924
29.10.2019;-0.000832395654434159
30.10.2019;0.00325332824040392
31.10.2019;-0.00302287340363727
01.11.2019;0.0096623605788857
04.11.2019;0.00370405391746087
05.11.2019;-0.00118573094627827
06.11.2019;0.000702525840591717
07.11.2019;0.00273012695090302
08.11.2019;0.00256062855327732
11.11.2019;-0.00196244520025335
12.11.2019;0.00156462078192154
13.11.2019;0.000711550403643013
14.11.2019;0.000837093250248833
15.11.2019;0.00769546248663877
18.11.2019;0.000503130948642294
19.11.2019;-0.000592563172038818
20.11.2019;-0.00375619355293599
21.11.2019;-0.00158277732381951
22.11.2019;0.00217493571856653
